<annotation verified="yes">
	<folder>images</folder>
	<filename>image (198).jpg</filename>
	<path>D:\Work\Waste\Dataset\Training\train\images\image (198).jpg</path>
	<source>
		<database>Unknown</database>
	</source>
	<size>
		<width>739</width>
		<height>1130</height>
		<depth>3</depth>
	</size>
	<segmented>0</segmented>
	<object>
		<name>Opaque</name>
		<pose>Unspecified</pose>
		<truncated>0</truncated>
		<difficult>0</difficult>
		<bndbox>
			<xmin>257</xmin>
			<ymin>164</ymin>
			<xmax>487</xmax>
			<ymax>994</ymax>
		</bndbox>
	</object>
</annotation>
