<annotation verified="yes">
	<folder>images</folder>
	<filename>image (170).jpg</filename>
	<path>D:\Work\Waste\Dataset\Training\train\images\image (170).jpg</path>
	<source>
		<database>Unknown</database>
	</source>
	<size>
		<width>212</width>
		<height>237</height>
		<depth>3</depth>
	</size>
	<segmented>0</segmented>
	<object>
		<name>PP</name>
		<pose>Unspecified</pose>
		<truncated>0</truncated>
		<difficult>0</difficult>
		<bndbox>
			<xmin>36</xmin>
			<ymin>19</ymin>
			<xmax>102</xmax>
			<ymax>220</ymax>
		</bndbox>
	</object>
	<object>
		<name>PP</name>
		<pose>Unspecified</pose>
		<truncated>0</truncated>
		<difficult>0</difficult>
		<bndbox>
			<xmin>112</xmin>
			<ymin>18</ymin>
			<xmax>179</xmax>
			<ymax>223</ymax>
		</bndbox>
	</object>
</annotation>
