<annotation verified="yes">
	<folder>images</folder>
	<filename>image (166).jpg</filename>
	<path>D:\Work\Waste\Dataset\Training\train\images\image (166).jpg</path>
	<source>
		<database>Unknown</database>
	</source>
	<size>
		<width>189</width>
		<height>267</height>
		<depth>3</depth>
	</size>
	<segmented>0</segmented>
	<object>
		<name>PP</name>
		<pose>Unspecified</pose>
		<truncated>0</truncated>
		<difficult>0</difficult>
		<bndbox>
			<xmin>66</xmin>
			<ymin>14</ymin>
			<xmax>124</xmax>
			<ymax>233</ymax>
		</bndbox>
	</object>
</annotation>
