<annotation verified="yes">
	<folder>images</folder>
	<filename>image (125).JPG</filename>
	<path>D:\Work\Waste\Test\bottles\train\images\image (125).JPG</path>
	<source>
		<database>Unknown</database>
	</source>
	<size>
		<width>640</width>
		<height>480</height>
		<depth>3</depth>
	</size>
	<segmented>0</segmented>
	<object>
		<name>PET</name>
		<pose>Unspecified</pose>
		<truncated>0</truncated>
		<difficult>0</difficult>
		<bndbox>
			<xmin>170</xmin>
			<ymin>150</ymin>
			<xmax>472</xmax>
			<ymax>253</ymax>
		</bndbox>
	</object>
	<object>
		<name>PET</name>
		<pose>Unspecified</pose>
		<truncated>0</truncated>
		<difficult>0</difficult>
		<bndbox>
			<xmin>164</xmin>
			<ymin>273</ymin>
			<xmax>459</xmax>
			<ymax>368</ymax>
		</bndbox>
	</object>
</annotation>
