<annotation verified="yes">
	<folder>images</folder>
	<filename>image (146).jpg</filename>
	<path>D:\Work\Waste\Dataset\Training\train\images\image (146).jpg</path>
	<source>
		<database>Unknown</database>
	</source>
	<size>
		<width>205</width>
		<height>320</height>
		<depth>3</depth>
	</size>
	<segmented>0</segmented>
	<object>
		<name>HDPE(1)</name>
		<pose>Unspecified</pose>
		<truncated>0</truncated>
		<difficult>0</difficult>
		<bndbox>
			<xmin>12</xmin>
			<ymin>14</ymin>
			<xmax>88</xmax>
			<ymax>289</ymax>
		</bndbox>
	</object>
	<object>
		<name>HDPE(1)</name>
		<pose>Unspecified</pose>
		<truncated>0</truncated>
		<difficult>0</difficult>
		<bndbox>
			<xmin>89</xmin>
			<ymin>11</ymin>
			<xmax>175</xmax>
			<ymax>296</ymax>
		</bndbox>
	</object>
</annotation>
