<annotation verified="yes">
	<folder>images</folder>
	<filename>image (169).jpg</filename>
	<path>D:\Work\Waste\Dataset\Training\train\images\image (169).jpg</path>
	<source>
		<database>Unknown</database>
	</source>
	<size>
		<width>650</width>
		<height>488</height>
		<depth>3</depth>
	</size>
	<segmented>0</segmented>
	<object>
		<name>PP</name>
		<pose>Unspecified</pose>
		<truncated>0</truncated>
		<difficult>0</difficult>
		<bndbox>
			<xmin>31</xmin>
			<ymin>139</ymin>
			<xmax>164</xmax>
			<ymax>432</ymax>
		</bndbox>
	</object>
	<object>
		<name>PP</name>
		<pose>Unspecified</pose>
		<truncated>0</truncated>
		<difficult>0</difficult>
		<bndbox>
			<xmin>139</xmin>
			<ymin>64</ymin>
			<xmax>242</xmax>
			<ymax>390</ymax>
		</bndbox>
	</object>
	<object>
		<name>PP</name>
		<pose>Unspecified</pose>
		<truncated>0</truncated>
		<difficult>0</difficult>
		<bndbox>
			<xmin>231</xmin>
			<ymin>23</ymin>
			<xmax>323</xmax>
			<ymax>385</ymax>
		</bndbox>
	</object>
	<object>
		<name>PP</name>
		<pose>Unspecified</pose>
		<truncated>0</truncated>
		<difficult>0</difficult>
		<bndbox>
			<xmin>324</xmin>
			<ymin>23</ymin>
			<xmax>420</xmax>
			<ymax>393</ymax>
		</bndbox>
	</object>
	<object>
		<name>PP</name>
		<pose>Unspecified</pose>
		<truncated>0</truncated>
		<difficult>0</difficult>
		<bndbox>
			<xmin>404</xmin>
			<ymin>88</ymin>
			<xmax>521</xmax>
			<ymax>413</ymax>
		</bndbox>
	</object>
	<object>
		<name>PP</name>
		<pose>Unspecified</pose>
		<truncated>0</truncated>
		<difficult>0</difficult>
		<bndbox>
			<xmin>478</xmin>
			<ymin>161</ymin>
			<xmax>628</xmax>
			<ymax>460</ymax>
		</bndbox>
	</object>
</annotation>
