<annotation verified="yes">
	<folder>images</folder>
	<filename>image (102).JPG</filename>
	<path>D:\Work\Waste\Test\bottles\train\images\image (102).JPG</path>
	<source>
		<database>Unknown</database>
	</source>
	<size>
		<width>360</width>
		<height>480</height>
		<depth>3</depth>
	</size>
	<segmented>0</segmented>
	<object>
		<name>HDPE(1)</name>
		<pose>Unspecified</pose>
		<truncated>0</truncated>
		<difficult>0</difficult>
		<bndbox>
			<xmin>127</xmin>
			<ymin>62</ymin>
			<xmax>233</xmax>
			<ymax>381</ymax>
		</bndbox>
	</object>
</annotation>
