<annotation verified="yes">
	<folder>images</folder>
	<filename>image (174).jpg</filename>
	<path>D:\Work\Waste\Dataset\Training\train\images\image (174).jpg</path>
	<source>
		<database>Unknown</database>
	</source>
	<size>
		<width>1200</width>
		<height>1600</height>
		<depth>3</depth>
	</size>
	<segmented>0</segmented>
	<object>
		<name>PP</name>
		<pose>Unspecified</pose>
		<truncated>0</truncated>
		<difficult>0</difficult>
		<bndbox>
			<xmin>366</xmin>
			<ymin>438</ymin>
			<xmax>581</xmax>
			<ymax>1304</ymax>
		</bndbox>
	</object>
	<object>
		<name>PP</name>
		<pose>Unspecified</pose>
		<truncated>0</truncated>
		<difficult>0</difficult>
		<bndbox>
			<xmin>573</xmin>
			<ymin>493</ymin>
			<xmax>766</xmax>
			<ymax>1298</ymax>
		</bndbox>
	</object>
</annotation>
