<annotation verified="yes">
	<folder>images</folder>
	<filename>image (156).jpg</filename>
	<path>D:\Work\Waste\Dataset\Training\train\images\image (156).jpg</path>
	<source>
		<database>Unknown</database>
	</source>
	<size>
		<width>500</width>
		<height>500</height>
		<depth>3</depth>
	</size>
	<segmented>0</segmented>
	<object>
		<name>PP</name>
		<pose>Unspecified</pose>
		<truncated>0</truncated>
		<difficult>0</difficult>
		<bndbox>
			<xmin>183</xmin>
			<ymin>15</ymin>
			<xmax>321</xmax>
			<ymax>493</ymax>
		</bndbox>
	</object>
</annotation>
