<annotation verified="yes">
	<folder>images</folder>
	<filename>image (165).jpg</filename>
	<path>D:\Work\Waste\Dataset\Training\train\images\image (165).jpg</path>
	<source>
		<database>Unknown</database>
	</source>
	<size>
		<width>150</width>
		<height>150</height>
		<depth>3</depth>
	</size>
	<segmented>0</segmented>
	<object>
		<name>PP</name>
		<pose>Unspecified</pose>
		<truncated>0</truncated>
		<difficult>0</difficult>
		<bndbox>
			<xmin>36</xmin>
			<ymin>47</ymin>
			<xmax>66</xmax>
			<ymax>139</ymax>
		</bndbox>
	</object>
	<object>
		<name>PP</name>
		<pose>Unspecified</pose>
		<truncated>0</truncated>
		<difficult>0</difficult>
		<bndbox>
			<xmin>66</xmin>
			<ymin>57</ymin>
			<xmax>89</xmax>
			<ymax>141</ymax>
		</bndbox>
	</object>
	<object>
		<name>PP</name>
		<pose>Unspecified</pose>
		<truncated>0</truncated>
		<difficult>0</difficult>
		<bndbox>
			<xmin>88</xmin>
			<ymin>58</ymin>
			<xmax>112</xmax>
			<ymax>140</ymax>
		</bndbox>
	</object>
</annotation>
