<annotation verified="yes">
	<folder>images</folder>
	<filename>image (191).jpg</filename>
	<path>D:\Work\Waste\Dataset\Training\train\images\image (191).jpg</path>
	<source>
		<database>Unknown</database>
	</source>
	<size>
		<width>1800</width>
		<height>1800</height>
		<depth>3</depth>
	</size>
	<segmented>0</segmented>
	<object>
		<name>PVC</name>
		<pose>Unspecified</pose>
		<truncated>1</truncated>
		<difficult>0</difficult>
		<bndbox>
			<xmin>668</xmin>
			<ymin>1</ymin>
			<xmax>1137</xmax>
			<ymax>1796</ymax>
		</bndbox>
	</object>
</annotation>
