<annotation verified="yes">
	<folder>images</folder>
	<filename>image (155).jpg</filename>
	<path>D:\Work\Waste\Dataset\Training\train\images\image (155).jpg</path>
	<source>
		<database>Unknown</database>
	</source>
	<size>
		<width>320</width>
		<height>359</height>
		<depth>3</depth>
	</size>
	<segmented>0</segmented>
	<object>
		<name>HDPE(2)</name>
		<pose>Unspecified</pose>
		<truncated>0</truncated>
		<difficult>0</difficult>
		<bndbox>
			<xmin>111</xmin>
			<ymin>35</ymin>
			<xmax>212</xmax>
			<ymax>340</ymax>
		</bndbox>
	</object>
</annotation>
