<annotation verified="yes">
	<folder>images</folder>
	<filename>image (154).jpg</filename>
	<path>D:\Work\Waste\Dataset\Training\train\images\image (154).jpg</path>
	<source>
		<database>Unknown</database>
	</source>
	<size>
		<width>300</width>
		<height>380</height>
		<depth>3</depth>
	</size>
	<segmented>0</segmented>
	<object>
		<name>HDPE(2)</name>
		<pose>Unspecified</pose>
		<truncated>0</truncated>
		<difficult>0</difficult>
		<bndbox>
			<xmin>81</xmin>
			<ymin>14</ymin>
			<xmax>201</xmax>
			<ymax>369</ymax>
		</bndbox>
	</object>
</annotation>
