<annotation verified="yes">
	<folder>images</folder>
	<filename>image (149).jpg</filename>
	<path>D:\Work\Waste\Dataset\Training\train\images\image (149).jpg</path>
	<source>
		<database>Unknown</database>
	</source>
	<size>
		<width>720</width>
		<height>1280</height>
		<depth>3</depth>
	</size>
	<segmented>0</segmented>
	<object>
		<name>HDPE(2)</name>
		<pose>Unspecified</pose>
		<truncated>0</truncated>
		<difficult>0</difficult>
		<bndbox>
			<xmin>215</xmin>
			<ymin>65</ymin>
			<xmax>568</xmax>
			<ymax>1219</ymax>
		</bndbox>
	</object>
</annotation>
