<annotation verified="yes">
	<folder>images</folder>
	<filename>image (141).jpg</filename>
	<path>D:\Work\Waste\Dataset\Training\train\images\image (141).jpg</path>
	<source>
		<database>Unknown</database>
	</source>
	<size>
		<width>288</width>
		<height>279</height>
		<depth>3</depth>
	</size>
	<segmented>0</segmented>
	<object>
		<name>HDPE(2)</name>
		<pose>Unspecified</pose>
		<truncated>0</truncated>
		<difficult>0</difficult>
		<bndbox>
			<xmin>24</xmin>
			<ymin>17</ymin>
			<xmax>103</xmax>
			<ymax>265</ymax>
		</bndbox>
	</object>
	<object>
		<name>HDPE(2)</name>
		<pose>Unspecified</pose>
		<truncated>0</truncated>
		<difficult>0</difficult>
		<bndbox>
			<xmin>105</xmin>
			<ymin>17</ymin>
			<xmax>177</xmax>
			<ymax>270</ymax>
		</bndbox>
	</object>
	<object>
		<name>HDPE(2)</name>
		<pose>Unspecified</pose>
		<truncated>0</truncated>
		<difficult>0</difficult>
		<bndbox>
			<xmin>175</xmin>
			<ymin>19</ymin>
			<xmax>244</xmax>
			<ymax>261</ymax>
		</bndbox>
	</object>
</annotation>
