<annotation verified="yes">
	<folder>images</folder>
	<filename>image (187).jpg</filename>
	<path>D:\Work\Waste\Dataset\Training\train\images\image (187).jpg</path>
	<source>
		<database>Unknown</database>
	</source>
	<size>
		<width>450</width>
		<height>600</height>
		<depth>3</depth>
	</size>
	<segmented>0</segmented>
	<object>
		<name>PVC</name>
		<pose>Unspecified</pose>
		<truncated>0</truncated>
		<difficult>0</difficult>
		<bndbox>
			<xmin>137</xmin>
			<ymin>26</ymin>
			<xmax>316</xmax>
			<ymax>535</ymax>
		</bndbox>
	</object>
</annotation>
