<annotation verified="yes">
	<folder>images</folder>
	<filename>image (163).jpg</filename>
	<path>D:\Work\Waste\Dataset\Training\train\images\image (163).jpg</path>
	<source>
		<database>Unknown</database>
	</source>
	<size>
		<width>400</width>
		<height>536</height>
		<depth>3</depth>
	</size>
	<segmented>0</segmented>
	<object>
		<name>PP</name>
		<pose>Unspecified</pose>
		<truncated>0</truncated>
		<difficult>0</difficult>
		<bndbox>
			<xmin>114</xmin>
			<ymin>96</ymin>
			<xmax>265</xmax>
			<ymax>498</ymax>
		</bndbox>
	</object>
</annotation>
