<annotation verified="yes">
	<folder>images</folder>
	<filename>image (176).jpg</filename>
	<path>D:\Work\Waste\Dataset\Training\train\images\image (176).jpg</path>
	<source>
		<database>Unknown</database>
	</source>
	<size>
		<width>1024</width>
		<height>1024</height>
		<depth>3</depth>
	</size>
	<segmented>0</segmented>
	<object>
		<name>PP</name>
		<pose>Unspecified</pose>
		<truncated>0</truncated>
		<difficult>0</difficult>
		<bndbox>
			<xmin>424</xmin>
			<ymin>172</ymin>
			<xmax>612</xmax>
			<ymax>885</ymax>
		</bndbox>
	</object>
</annotation>
