<annotation verified="yes">
	<folder>images</folder>
	<filename>image (128).JPG</filename>
	<path>D:\Work\Waste\Test\bottles\train\images\image (128).JPG</path>
	<source>
		<database>Unknown</database>
	</source>
	<size>
		<width>360</width>
		<height>480</height>
		<depth>3</depth>
	</size>
	<segmented>0</segmented>
	<object>
		<name>PET</name>
		<pose>Unspecified</pose>
		<truncated>1</truncated>
		<difficult>0</difficult>
		<bndbox>
			<xmin>26</xmin>
			<ymin>1</ymin>
			<xmax>140</xmax>
			<ymax>316</ymax>
		</bndbox>
	</object>
	<object>
		<name>PET</name>
		<pose>Unspecified</pose>
		<truncated>1</truncated>
		<difficult>0</difficult>
		<bndbox>
			<xmin>202</xmin>
			<ymin>1</ymin>
			<xmax>308</xmax>
			<ymax>315</ymax>
		</bndbox>
	</object>
</annotation>
