<annotation verified="yes">
	<folder>images</folder>
	<filename>image (196).jpg</filename>
	<path>D:\Work\Waste\Dataset\Training\train\images\image (196).jpg</path>
	<source>
		<database>Unknown</database>
	</source>
	<size>
		<width>400</width>
		<height>400</height>
		<depth>1</depth>
	</size>
	<segmented>0</segmented>
	<object>
		<name>Opaque</name>
		<pose>Unspecified</pose>
		<truncated>0</truncated>
		<difficult>0</difficult>
		<bndbox>
			<xmin>110</xmin>
			<ymin>22</ymin>
			<xmax>280</xmax>
			<ymax>376</ymax>
		</bndbox>
	</object>
</annotation>
