<annotation verified="yes">
	<folder>images</folder>
	<filename>image (194).jpg</filename>
	<path>D:\Work\Waste\Dataset\Training\train\images\image (194).jpg</path>
	<source>
		<database>Unknown</database>
	</source>
	<size>
		<width>600</width>
		<height>600</height>
		<depth>1</depth>
	</size>
	<segmented>0</segmented>
	<object>
		<name>PVC</name>
		<pose>Unspecified</pose>
		<truncated>1</truncated>
		<difficult>0</difficult>
		<bndbox>
			<xmin>171</xmin>
			<ymin>1</ymin>
			<xmax>428</xmax>
			<ymax>600</ymax>
		</bndbox>
	</object>
</annotation>
