<annotation verified="yes">
	<folder>images</folder>
	<filename>image (183).jpg</filename>
	<path>D:\Work\Waste\Dataset\Training\train\images\image (183).jpg</path>
	<source>
		<database>Unknown</database>
	</source>
	<size>
		<width>894</width>
		<height>2540</height>
		<depth>3</depth>
	</size>
	<segmented>0</segmented>
	<object>
		<name>PET</name>
		<pose>Unspecified</pose>
		<truncated>0</truncated>
		<difficult>0</difficult>
		<bndbox>
			<xmin>26</xmin>
			<ymin>10</ymin>
			<xmax>872</xmax>
			<ymax>2539</ymax>
		</bndbox>
	</object>
</annotation>
