<annotation verified="yes">
	<folder>images</folder>
	<filename>image (157).jpg</filename>
	<path>D:\Work\Waste\Dataset\Training\train\images\image (157).jpg</path>
	<source>
		<database>Unknown</database>
	</source>
	<size>
		<width>500</width>
		<height>500</height>
		<depth>3</depth>
	</size>
	<segmented>0</segmented>
	<object>
		<name>PP</name>
		<pose>Unspecified</pose>
		<truncated>0</truncated>
		<difficult>0</difficult>
		<bndbox>
			<xmin>203</xmin>
			<ymin>101</ymin>
			<xmax>302</xmax>
			<ymax>452</ymax>
		</bndbox>
	</object>
</annotation>
