<annotation verified="yes">
	<folder>images</folder>
	<filename>image (177).jpg</filename>
	<path>D:\Work\Waste\Dataset\Training\train\images\image (177).jpg</path>
	<source>
		<database>Unknown</database>
	</source>
	<size>
		<width>640</width>
		<height>640</height>
		<depth>3</depth>
	</size>
	<segmented>0</segmented>
	<object>
		<name>PET</name>
		<pose>Unspecified</pose>
		<truncated>0</truncated>
		<difficult>0</difficult>
		<bndbox>
			<xmin>119</xmin>
			<ymin>152</ymin>
			<xmax>257</xmax>
			<ymax>583</ymax>
		</bndbox>
	</object>
	<object>
		<name>PET</name>
		<pose>Unspecified</pose>
		<truncated>0</truncated>
		<difficult>0</difficult>
		<bndbox>
			<xmin>273</xmin>
			<ymin>136</ymin>
			<xmax>390</xmax>
			<ymax>539</ymax>
		</bndbox>
	</object>
</annotation>
