<annotation verified="yes">
	<folder>images</folder>
	<filename>image (164).jpg</filename>
	<path>D:\Work\Waste\Dataset\Training\train\images\image (164).jpg</path>
	<source>
		<database>Unknown</database>
	</source>
	<size>
		<width>1200</width>
		<height>1600</height>
		<depth>3</depth>
	</size>
	<segmented>0</segmented>
	<object>
		<name>PP</name>
		<pose>Unspecified</pose>
		<truncated>0</truncated>
		<difficult>0</difficult>
		<bndbox>
			<xmin>508</xmin>
			<ymin>671</ymin>
			<xmax>734</xmax>
			<ymax>1284</ymax>
		</bndbox>
	</object>
</annotation>
