<annotation verified="yes">
	<folder>images</folder>
	<filename>image (181).jpg</filename>
	<path>D:\Work\Waste\Dataset\Training\train\images\image (181).jpg</path>
	<source>
		<database>Unknown</database>
	</source>
	<size>
		<width>200</width>
		<height>200</height>
		<depth>3</depth>
	</size>
	<segmented>0</segmented>
	<object>
		<name>PET</name>
		<pose>Unspecified</pose>
		<truncated>0</truncated>
		<difficult>0</difficult>
		<bndbox>
			<xmin>75</xmin>
			<ymin>9</ymin>
			<xmax>127</xmax>
			<ymax>192</ymax>
		</bndbox>
	</object>
</annotation>
