<annotation verified="yes">
	<folder>images</folder>
	<filename>image (200).jpg</filename>
	<path>D:\Work\Waste\Dataset\Training\train\images\image (200).jpg</path>
	<source>
		<database>Unknown</database>
	</source>
	<size>
		<width>500</width>
		<height>500</height>
		<depth>3</depth>
	</size>
	<segmented>0</segmented>
	<object>
		<name>Opaque</name>
		<pose>Unspecified</pose>
		<truncated>0</truncated>
		<difficult>0</difficult>
		<bndbox>
			<xmin>29</xmin>
			<ymin>70</ymin>
			<xmax>171</xmax>
			<ymax>447</ymax>
		</bndbox>
	</object>
	<object>
		<name>Opaque</name>
		<pose>Unspecified</pose>
		<truncated>0</truncated>
		<difficult>0</difficult>
		<bndbox>
			<xmin>181</xmin>
			<ymin>77</ymin>
			<xmax>309</xmax>
			<ymax>425</ymax>
		</bndbox>
	</object>
	<object>
		<name>Opaque</name>
		<pose>Unspecified</pose>
		<truncated>0</truncated>
		<difficult>0</difficult>
		<bndbox>
			<xmin>321</xmin>
			<ymin>69</ymin>
			<xmax>464</xmax>
			<ymax>445</ymax>
		</bndbox>
	</object>
</annotation>
