<annotation verified="yes">
	<folder>images</folder>
	<filename>image (140).jpg</filename>
	<path>D:\Work\Waste\Dataset\Training\train\images\image (140).jpg</path>
	<source>
		<database>Unknown</database>
	</source>
	<size>
		<width>599</width>
		<height>900</height>
		<depth>3</depth>
	</size>
	<segmented>0</segmented>
	<object>
		<name>HDPE(1)</name>
		<pose>Unspecified</pose>
		<truncated>0</truncated>
		<difficult>0</difficult>
		<bndbox>
			<xmin>61</xmin>
			<ymin>132</ymin>
			<xmax>287</xmax>
			<ymax>821</ymax>
		</bndbox>
	</object>
	<object>
		<name>HDPE(2)</name>
		<pose>Unspecified</pose>
		<truncated>0</truncated>
		<difficult>0</difficult>
		<bndbox>
			<xmin>288</xmin>
			<ymin>81</ymin>
			<xmax>550</xmax>
			<ymax>835</ymax>
		</bndbox>
	</object>
</annotation>
