<annotation verified="yes">
	<folder>images</folder>
	<filename>image (161).jpg</filename>
	<path>D:\Work\Waste\Dataset\Training\train\images\image (161).jpg</path>
	<source>
		<database>Unknown</database>
	</source>
	<size>
		<width>194</width>
		<height>259</height>
		<depth>3</depth>
	</size>
	<segmented>0</segmented>
	<object>
		<name>PP</name>
		<pose>Unspecified</pose>
		<truncated>0</truncated>
		<difficult>0</difficult>
		<bndbox>
			<xmin>51</xmin>
			<ymin>7</ymin>
			<xmax>130</xmax>
			<ymax>246</ymax>
		</bndbox>
	</object>
</annotation>
