<annotation verified="yes">
	<folder>images</folder>
	<filename>image (143).jpg</filename>
	<path>D:\Work\Waste\Dataset\Training\train\images\image (143).jpg</path>
	<source>
		<database>Unknown</database>
	</source>
	<size>
		<width>196</width>
		<height>276</height>
		<depth>3</depth>
	</size>
	<segmented>0</segmented>
	<object>
		<name>HDPE(2)</name>
		<pose>Unspecified</pose>
		<truncated>0</truncated>
		<difficult>0</difficult>
		<bndbox>
			<xmin>9</xmin>
			<ymin>8</ymin>
			<xmax>93</xmax>
			<ymax>261</ymax>
		</bndbox>
	</object>
	<object>
		<name>HDPE(2)</name>
		<pose>Unspecified</pose>
		<truncated>0</truncated>
		<difficult>0</difficult>
		<bndbox>
			<xmin>91</xmin>
			<ymin>6</ymin>
			<xmax>175</xmax>
			<ymax>259</ymax>
		</bndbox>
	</object>
</annotation>
