<annotation verified="yes">
	<folder>images</folder>
	<filename>image (167).jpg</filename>
	<path>D:\Work\Waste\Dataset\Training\train\images\image (167).jpg</path>
	<source>
		<database>Unknown</database>
	</source>
	<size>
		<width>455</width>
		<height>341</height>
		<depth>3</depth>
	</size>
	<segmented>0</segmented>
	<object>
		<name>PP</name>
		<pose>Unspecified</pose>
		<truncated>0</truncated>
		<difficult>0</difficult>
		<bndbox>
			<xmin>186</xmin>
			<ymin>18</ymin>
			<xmax>272</xmax>
			<ymax>321</ymax>
		</bndbox>
	</object>
</annotation>
