<annotation verified="yes">
	<folder>images</folder>
	<filename>image (159).jpg</filename>
	<path>D:\Work\Waste\Dataset\Training\train\images\image (159).jpg</path>
	<source>
		<database>Unknown</database>
	</source>
	<size>
		<width>400</width>
		<height>500</height>
		<depth>3</depth>
	</size>
	<segmented>0</segmented>
	<object>
		<name>PP</name>
		<pose>Unspecified</pose>
		<truncated>0</truncated>
		<difficult>0</difficult>
		<bndbox>
			<xmin>148</xmin>
			<ymin>166</ymin>
			<xmax>250</xmax>
			<ymax>421</ymax>
		</bndbox>
	</object>
</annotation>
