<annotation verified="yes">
	<folder>images</folder>
	<filename>image (148).jpg</filename>
	<path>D:\Work\Waste\Dataset\Training\train\images\image (148).jpg</path>
	<source>
		<database>Unknown</database>
	</source>
	<size>
		<width>1200</width>
		<height>800</height>
		<depth>3</depth>
	</size>
	<segmented>0</segmented>
	<object>
		<name>HDPE(1)</name>
		<pose>Unspecified</pose>
		<truncated>1</truncated>
		<difficult>0</difficult>
		<bndbox>
			<xmin>95</xmin>
			<ymin>189</ymin>
			<xmax>390</xmax>
			<ymax>800</ymax>
		</bndbox>
	</object>
	<object>
		<name>HDPE(1)</name>
		<pose>Unspecified</pose>
		<truncated>0</truncated>
		<difficult>0</difficult>
		<bndbox>
			<xmin>388</xmin>
			<ymin>180</ymin>
			<xmax>666</xmax>
			<ymax>786</ymax>
		</bndbox>
	</object>
	<object>
		<name>HDPE(1)</name>
		<pose>Unspecified</pose>
		<truncated>0</truncated>
		<difficult>0</difficult>
		<bndbox>
			<xmin>660</xmin>
			<ymin>175</ymin>
			<xmax>915</xmax>
			<ymax>776</ymax>
		</bndbox>
	</object>
	<object>
		<name>HDPE(1)</name>
		<pose>Unspecified</pose>
		<truncated>0</truncated>
		<difficult>0</difficult>
		<bndbox>
			<xmin>908</xmin>
			<ymin>173</ymin>
			<xmax>1158</xmax>
			<ymax>734</ymax>
		</bndbox>
	</object>
</annotation>
