<annotation verified="yes">
	<folder>images</folder>
	<filename>image (142).jpg</filename>
	<path>D:\Work\Waste\Dataset\Training\train\images\image (142).jpg</path>
	<source>
		<database>Unknown</database>
	</source>
	<size>
		<width>314</width>
		<height>239</height>
		<depth>3</depth>
	</size>
	<segmented>0</segmented>
	<object>
		<name>HDPE(2)</name>
		<pose>Unspecified</pose>
		<truncated>0</truncated>
		<difficult>0</difficult>
		<bndbox>
			<xmin>76</xmin>
			<ymin>8</ymin>
			<xmax>151</xmax>
			<ymax>221</ymax>
		</bndbox>
	</object>
	<object>
		<name>HDPE(2)</name>
		<pose>Unspecified</pose>
		<truncated>0</truncated>
		<difficult>0</difficult>
		<bndbox>
			<xmin>161</xmin>
			<ymin>7</ymin>
			<xmax>237</xmax>
			<ymax>227</ymax>
		</bndbox>
	</object>
</annotation>
