<annotation verified="yes">
	<folder>images</folder>
	<filename>image (150).jpg</filename>
	<path>D:\Work\Waste\Dataset\Training\train\images\image (150).jpg</path>
	<source>
		<database>Unknown</database>
	</source>
	<size>
		<width>500</width>
		<height>765</height>
		<depth>3</depth>
	</size>
	<segmented>0</segmented>
	<object>
		<name>HDPE(2)</name>
		<pose>Unspecified</pose>
		<truncated>0</truncated>
		<difficult>0</difficult>
		<bndbox>
			<xmin>161</xmin>
			<ymin>198</ymin>
			<xmax>337</xmax>
			<ymax>722</ymax>
		</bndbox>
	</object>
</annotation>
