<annotation verified="yes">
	<folder>images</folder>
	<filename>image (152).jpg</filename>
	<path>D:\Work\Waste\Dataset\Training\train\images\image (152).jpg</path>
	<source>
		<database>Unknown</database>
	</source>
	<size>
		<width>147</width>
		<height>220</height>
		<depth>3</depth>
	</size>
	<segmented>0</segmented>
	<object>
		<name>HDPE(2)</name>
		<pose>Unspecified</pose>
		<truncated>0</truncated>
		<difficult>0</difficult>
		<bndbox>
			<xmin>52</xmin>
			<ymin>76</ymin>
			<xmax>96</xmax>
			<ymax>201</ymax>
		</bndbox>
	</object>
</annotation>
