<annotation verified="yes">
	<folder>images</folder>
	<filename>image (199).jpg</filename>
	<path>D:\Work\Waste\Dataset\Training\train\images\image (199).jpg</path>
	<source>
		<database>Unknown</database>
	</source>
	<size>
		<width>960</width>
		<height>640</height>
		<depth>3</depth>
	</size>
	<segmented>0</segmented>
	<object>
		<name>Opaque</name>
		<pose>Unspecified</pose>
		<truncated>0</truncated>
		<difficult>0</difficult>
		<bndbox>
			<xmin>369</xmin>
			<ymin>110</ymin>
			<xmax>608</xmax>
			<ymax>534</ymax>
		</bndbox>
	</object>
</annotation>
