<annotation verified="yes">
	<folder>images</folder>
	<filename>image (175).jpg</filename>
	<path>D:\Work\Waste\Dataset\Training\train\images\image (175).jpg</path>
	<source>
		<database>Unknown</database>
	</source>
	<size>
		<width>640</width>
		<height>640</height>
		<depth>3</depth>
	</size>
	<segmented>0</segmented>
	<object>
		<name>PP</name>
		<pose>Unspecified</pose>
		<truncated>0</truncated>
		<difficult>0</difficult>
		<bndbox>
			<xmin>226</xmin>
			<ymin>40</ymin>
			<xmax>416</xmax>
			<ymax>577</ymax>
		</bndbox>
	</object>
</annotation>
