<annotation verified="yes">
	<folder>images</folder>
	<filename>image (189).jpg</filename>
	<path>D:\Work\Waste\Dataset\Training\train\images\image (189).jpg</path>
	<source>
		<database>Unknown</database>
	</source>
	<size>
		<width>1280</width>
		<height>1280</height>
		<depth>3</depth>
	</size>
	<segmented>0</segmented>
	<object>
		<name>PVC</name>
		<pose>Unspecified</pose>
		<truncated>0</truncated>
		<difficult>0</difficult>
		<bndbox>
			<xmin>447</xmin>
			<ymin>165</ymin>
			<xmax>834</xmax>
			<ymax>1187</ymax>
		</bndbox>
	</object>
</annotation>
