<annotation verified="yes">
	<folder>images</folder>
	<filename>image (151).jpg</filename>
	<path>D:\Work\Waste\Dataset\Training\train\images\image (151).jpg</path>
	<source>
		<database>Unknown</database>
	</source>
	<size>
		<width>184</width>
		<height>274</height>
		<depth>3</depth>
	</size>
	<segmented>0</segmented>
	<object>
		<name>HDPE(2)</name>
		<pose>Unspecified</pose>
		<truncated>0</truncated>
		<difficult>0</difficult>
		<bndbox>
			<xmin>6</xmin>
			<ymin>4</ymin>
			<xmax>93</xmax>
			<ymax>269</ymax>
		</bndbox>
	</object>
	<object>
		<name>HDPE(2)</name>
		<pose>Unspecified</pose>
		<truncated>0</truncated>
		<difficult>0</difficult>
		<bndbox>
			<xmin>93</xmin>
			<ymin>2</ymin>
			<xmax>181</xmax>
			<ymax>267</ymax>
		</bndbox>
	</object>
</annotation>
