<annotation verified="yes">
	<folder>images</folder>
	<filename>image (153).jpg</filename>
	<path>D:\Work\Waste\Dataset\Training\train\images\image (153).jpg</path>
	<source>
		<database>Unknown</database>
	</source>
	<size>
		<width>300</width>
		<height>300</height>
		<depth>3</depth>
	</size>
	<segmented>0</segmented>
	<object>
		<name>HDPE(2)</name>
		<pose>Unspecified</pose>
		<truncated>0</truncated>
		<difficult>0</difficult>
		<bndbox>
			<xmin>100</xmin>
			<ymin>12</ymin>
			<xmax>194</xmax>
			<ymax>295</ymax>
		</bndbox>
	</object>
</annotation>
