<annotation verified="yes">
	<folder>images</folder>
	<filename>image (144).jpg</filename>
	<path>D:\Work\Waste\Dataset\Training\train\images\image (144).jpg</path>
	<source>
		<database>Unknown</database>
	</source>
	<size>
		<width>222</width>
		<height>227</height>
		<depth>3</depth>
	</size>
	<segmented>0</segmented>
	<object>
		<name>HDPE(1)</name>
		<pose>Unspecified</pose>
		<truncated>1</truncated>
		<difficult>0</difficult>
		<bndbox>
			<xmin>34</xmin>
			<ymin>1</ymin>
			<xmax>124</xmax>
			<ymax>226</ymax>
		</bndbox>
	</object>
	<object>
		<name>HDPE(1)</name>
		<pose>Unspecified</pose>
		<truncated>1</truncated>
		<difficult>0</difficult>
		<bndbox>
			<xmin>115</xmin>
			<ymin>1</ymin>
			<xmax>218</xmax>
			<ymax>227</ymax>
		</bndbox>
	</object>
</annotation>
