<annotation verified="yes">
	<folder>images</folder>
	<filename>image (195).jpg</filename>
	<path>D:\Work\Waste\Dataset\Training\train\images\image (195).jpg</path>
	<source>
		<database>Unknown</database>
	</source>
	<size>
		<width>183</width>
		<height>276</height>
		<depth>3</depth>
	</size>
	<segmented>0</segmented>
	<object>
		<name>PVC</name>
		<pose>Unspecified</pose>
		<truncated>0</truncated>
		<difficult>0</difficult>
		<bndbox>
			<xmin>88</xmin>
			<ymin>82</ymin>
			<xmax>169</xmax>
			<ymax>246</ymax>
		</bndbox>
	</object>
</annotation>
