<annotation verified="yes">
	<folder>images</folder>
	<filename>image (145).jpg</filename>
	<path>D:\Work\Waste\Dataset\Training\train\images\image (145).jpg</path>
	<source>
		<database>Unknown</database>
	</source>
	<size>
		<width>768</width>
		<height>1024</height>
		<depth>3</depth>
	</size>
	<segmented>0</segmented>
	<object>
		<name>HDPE(2)</name>
		<pose>Unspecified</pose>
		<truncated>1</truncated>
		<difficult>0</difficult>
		<bndbox>
			<xmin>90</xmin>
			<ymin>1</ymin>
			<xmax>616</xmax>
			<ymax>1024</ymax>
		</bndbox>
	</object>
</annotation>
