<annotation verified="yes">
	<folder>images</folder>
	<filename>image (147).jpg</filename>
	<path>D:\Work\Waste\Dataset\Training\train\images\image (147).jpg</path>
	<source>
		<database>Unknown</database>
	</source>
	<size>
		<width>506</width>
		<height>379</height>
		<depth>3</depth>
	</size>
	<segmented>0</segmented>
	<object>
		<name>HDPE(1)</name>
		<pose>Unspecified</pose>
		<truncated>0</truncated>
		<difficult>0</difficult>
		<bndbox>
			<xmin>65</xmin>
			<ymin>111</ymin>
			<xmax>482</xmax>
			<ymax>310</ymax>
		</bndbox>
	</object>
</annotation>
