<annotation verified="yes">
	<folder>images</folder>
	<filename>image (184).jpg</filename>
	<path>D:\Work\Waste\Dataset\Training\train\images\image (184).jpg</path>
	<source>
		<database>Unknown</database>
	</source>
	<size>
		<width>800</width>
		<height>800</height>
		<depth>3</depth>
	</size>
	<segmented>0</segmented>
	<object>
		<name>PET</name>
		<pose>Unspecified</pose>
		<truncated>0</truncated>
		<difficult>0</difficult>
		<bndbox>
			<xmin>284</xmin>
			<ymin>18</ymin>
			<xmax>512</xmax>
			<ymax>780</ymax>
		</bndbox>
	</object>
</annotation>
