<annotation verified="yes">
	<folder>images</folder>
	<filename>image (178).jpg</filename>
	<path>D:\Work\Waste\Dataset\Training\train\images\image (178).jpg</path>
	<source>
		<database>Unknown</database>
	</source>
	<size>
		<width>743</width>
		<height>1024</height>
		<depth>3</depth>
	</size>
	<segmented>0</segmented>
	<object>
		<name>PET</name>
		<pose>Unspecified</pose>
		<truncated>0</truncated>
		<difficult>0</difficult>
		<bndbox>
			<xmin>83</xmin>
			<ymin>81</ymin>
			<xmax>301</xmax>
			<ymax>898</ymax>
		</bndbox>
	</object>
	<object>
		<name>PET</name>
		<pose>Unspecified</pose>
		<truncated>0</truncated>
		<difficult>0</difficult>
		<bndbox>
			<xmin>315</xmin>
			<ymin>295</ymin>
			<xmax>479</xmax>
			<ymax>894</ymax>
		</bndbox>
	</object>
	<object>
		<name>PET</name>
		<pose>Unspecified</pose>
		<truncated>0</truncated>
		<difficult>0</difficult>
		<bndbox>
			<xmin>489</xmin>
			<ymin>470</ymin>
			<xmax>647</xmax>
			<ymax>895</ymax>
		</bndbox>
	</object>
</annotation>
