<annotation verified="yes">
	<folder>images</folder>
	<filename>image (197).jpg</filename>
	<path>D:\Work\Waste\Dataset\Training\train\images\image (197).jpg</path>
	<source>
		<database>Unknown</database>
	</source>
	<size>
		<width>448</width>
		<height>336</height>
		<depth>3</depth>
	</size>
	<segmented>0</segmented>
	<object>
		<name>Opaque</name>
		<pose>Unspecified</pose>
		<truncated>0</truncated>
		<difficult>0</difficult>
		<bndbox>
			<xmin>197</xmin>
			<ymin>10</ymin>
			<xmax>300</xmax>
			<ymax>319</ymax>
		</bndbox>
	</object>
</annotation>
