<annotation verified="yes">
	<folder>images</folder>
	<filename>image (190).jpg</filename>
	<path>D:\Work\Waste\Dataset\Training\train\images\image (190).jpg</path>
	<source>
		<database>Unknown</database>
	</source>
	<size>
		<width>500</width>
		<height>500</height>
		<depth>3</depth>
	</size>
	<segmented>0</segmented>
	<object>
		<name>PVC</name>
		<pose>Unspecified</pose>
		<truncated>0</truncated>
		<difficult>0</difficult>
		<bndbox>
			<xmin>66</xmin>
			<ymin>151</ymin>
			<xmax>166</xmax>
			<ymax>427</ymax>
		</bndbox>
	</object>
	<object>
		<name>PVC</name>
		<pose>Unspecified</pose>
		<truncated>0</truncated>
		<difficult>0</difficult>
		<bndbox>
			<xmin>168</xmin>
			<ymin>73</ymin>
			<xmax>296</xmax>
			<ymax>427</ymax>
		</bndbox>
	</object>
	<object>
		<name>PVC</name>
		<pose>Unspecified</pose>
		<truncated>0</truncated>
		<difficult>0</difficult>
		<bndbox>
			<xmin>306</xmin>
			<ymin>70</ymin>
			<xmax>433</xmax>
			<ymax>421</ymax>
		</bndbox>
	</object>
</annotation>
